Name,start_offset_ms,repeat_offset_ms,Hit,Number of Impacts,IsFieldTick,CC,Damage,Duration,Interval,Combo Finisher,Burning,Bleeding,Blindness,Vulnerability,Chilled,Regeneration,Swiftness,Superspeed,Weakness,Cripple,Stability,Immobilize,Vigor,Resistance,Fury,Might,Protection,Boon Extension,Quickness,Stability,Aegis,Resolution,Slow
Fire Attunement,0,,1,,,,,,,,,,,,,,,,,,,,,,,,,,,,,,
Water Attunement,0,,1,,,,,,,,,,,,,,,,,,,,,,,,,,,,,,
Air Attunement,0,,1,,,,,,,,,,,,,,,,,,,,,,,,,,,,,,
Earth Attunement,0,,1,,,,,,,,,,,,,,,,,,,,,,,,,,,,,,
Fireball,720,,1,1,,,1.4,,,,1|1,,,,,,,,,,,,,,,,,,,,,,
Lava Font,1160,1000,1,Duration,1,,0.525,4,1,,1|1,,,,,,,,,,,,,,,,,,,,,,
Flame Burst,320,,1,1,,,1,,,,3|6,,3,,,,,,,,,,,,,,,,,,,,
Burning Retreat,80,,1,1,,,0.2,,,,1|2,,,,,,,,,,,,,,,,,,,,,,
Burning Retreat,1080,1000,2,Duration,1,,0.2,6,1,,1|2,,,,,,,,,,,,,,,,,,,,,,
Meteor Shower,2320,,1,1,,,1.6,9,,,,,,,,,,,,,,,,,,,,,,,,,
Meteor Shower,2600,,2,1,,,1.44,9,,,,,,,,,,,,,,,,,,,,,,,,,
Meteor Shower,2920,,3,1,,,1.28,9,,,,,,,,,,,,,,,,,,,,,,,,,
Meteor Shower,3240,,4,1,,,1.12,9,,,,,,,,,,,,,,,,,,,,,,,,,
Meteor Shower,3400,,5,1,,,0.96,9,,,,,,,,,,,,,,,,,,,,,,,,,
Meteor Shower,3880,,6,1,,,0.8,9,,,,,,,,,,,,,,,,,,,,,,,,,
Meteor Shower,4480,,7,1,,,0.64,9,,,,,,,,,,,,,,,,,,,,,,,,,
Meteor Shower,4760,,8,1,,,0.48,9,,,,,,,,,,,,,,,,,,,,,,,,,
Meteor Shower,5080,,9,1,,,0.32,9,,,,,,,,,,,,,,,,,,,,,,,,,
Meteor Shower,5400,,10,1,,,0.32,9,,,,,,,,,,,,,,,,,,,,,,,,,
Meteor Shower,5560,,11,1,,,0.32,9,,,,,,,,,,,,,,,,,,,,,,,,,
Meteor Shower,6040,,12,1,,,0.32,9,,,,,,,,,,,,,,,,,,,,,,,,,
Meteor Shower,6640,,13,1,,,0.32,9,,,,,,,,,,,,,,,,,,,,,,,,,
Meteor Shower,6920,,14,1,,,0.32,9,,,,,,,,,,,,,,,,,,,,,,,,,
Meteor Shower,7240,,15,1,,,0.32,9,,,,,,,,,,,,,,,,,,,,,,,,,
Meteor Shower,7560,,16,1,,,0.32,9,,,,,,,,,,,,,,,,,,,,,,,,,
Meteor Shower,7720,,17,1,,,0.32,9,,,,,,,,,,,,,,,,,,,,,,,,,
Meteor Shower,8200,,18,1,,,0.32,9,,,,,,,,,,,,,,,,,,,,,,,,,
Meteor Shower,8800,,19,1,,,0.32,9,,,,,,,,,,,,,,,,,,,,,,,,,
Meteor Shower,9080,,20,1,,,0.32,9,,,,,,,,,,,,,,,,,,,,,,,,,
Meteor Shower,9400,,21,1,,,0.32,9,,,,,,,,,,,,,,,,,,,,,,,,,
Meteor Shower,9720,,22,1,,,0.32,9,,,,,,,,,,,,,,,,,,,,,,,,,
Meteor Shower,9880,,23,1,,,0.32,9,,,,,,,,,,,,,,,,,,,,,,,,,
Meteor Shower,10360,,24,1,,,0.32,9,,,,,,,,,,,,,,,,,,,,,,,,,
Water Blast,600,,1,1,,,0.3,,,,,,,,,,,,,,,,,,,,,,,,,,
Ice Spike,1760,,1,1,,,1.5,,,Blast,,,,5|10,,,,,,,,,,,,,,,,,,,
Geyser,0,,1,,,,,4,,,,,,,,,,,,,,,,,,,,,,,,,
Frozen Grounds,160,,1,1,,,,5,,,,,,,2,,,,,,,,,,,,,,,,,,
Healing Rain,720,,1,,,,,6,,,,,,,,13,,,,,,,,,,,,,,,,,
Chain Lightning,600,,1,1,,,0.8,,,,,,,,,,,,,,,,,,,,,,,,,,
Lightning Surge,800,,1,1,,,1.8,,,,,,5,,,,,,,,,,,,,,,,,,,,
Gust,180,,1,1,,1,,,,,,,,,,,,,,,,,,,,,,,,,,,
Windborne Speed,200,,1,,,,,,,,,,,,,,10,3,,,,,,,,,,,,,,,
Static Field,180,,1,1,,1,0.5,4,,,,,,,,,,,,,,,,,,,,,,,,,
Stoning,600,,1,1,,,1.2,,,Projectile|1,,,,,,,,,3,,,,,,,,,,,,,,
Eruption,4000,,1,1,,,1.5,,,Blast,,6|12,,,,,,,,3,,,,,,,,,,,,,
Magnetic Aura,0,,1,,,,,,,,,,,,,,,,,,,,,,,,,,,,,,
Transmute Earth,840,,1,1,,,1,,,Blast,,,,,,,,,,,2|6,,,,,,,,,,,,
Unsteady Ground,400,,1,1,,1,,,,,,,,,,,,,,,,,,,,,,,,,,,
Shock Wave,600,,1,1,,,2.5,,,Projectile|1,,1|20,,,,,,,,,,2,,,,,,,,,,,
Flamestrike,240,,1,1,,,0.5,,,,1|1.5,,,,,,,,,,,,,,,,,,,,,,
Flamestrike,520,,2,1,,,0.7,,,,1|2.5,,,,,,,,,,,,,,,,,,,,,,
Dragon's Tooth,2600,,1,1,,,2.25,,,Blast,1|10,,,,,,,,,,,,,,,,,,,,,,
Phoenix,320,,1,1,,,0.75,,,,,,,,,,,,,,,,,,,,,,,,,,
Phoenix,360,,2,1,,,1.7,,,Blast,2|6,,,,,,,,,,,,,,,,,,,,,,
Phoenix,380,,3,1,,,0.75,,,,,,,,,,,,,,,,5,,,,,,,,,,
Ice Shards,480,,1,3,,,1.2,,,,,,,,,,,,,,,,,,,,,,,,,,
Shatterstone,360,,1,1,,,0.8,,,,,,,,2,,,,,,,,,,,,,,,,,,
Shatterstone,1040,,2,1,,,0.8,,,,,,,,2,,,,,,,,,,,,,,,,,,
Water Trident,520,,1,1,,,2.4,,,,,,,,,,,,,,,,,,,,,,,,,,
Arc Lightning,440,,1,1,,,0.35,,,,,,,,,,,,,,,,,,,,,,,,,,
Arc Lightning,680,,2,1,,,0.35,,,,,,,,,,,,,,,,,,,,,,,,,,
Arc Lightning,960,,3,1,,,0.35,,,,,,,,,,,,,,,,,,,,,,,,,,
Arc Lightning,1200,,4,1,,,0.4,,,,,,,,,,,,,,,,,,,,,,,,,,
Arc Lightning,1440,,5,1,,,0.4,,,,,,,,,,,,,,,,,,,,,,,,,,
Arc Lightning,1720,,6,1,,,0.4,,,,,,,,,,,,,,,,,,,,,,,,,,
Arc Lightning,1960,,7,1,,,0.3375,,,,,,,,,,,,,,,,,,,,,,,,,,
Arc Lightning,2200,,8,1,,,0.3375,,,,,,,,,,,,,,,,,,,,,,,,,,
Arc Lightning,2480,,9,1,,,0.3375,,,,,,,,,,,,,,,,,,,,,,,,,,
Arc Lightning,2720,,10,1,,,0.3375,,,,,,,,,,,,,,,,,,,,,,,,,,
Lightning Strike,0,,1,1,,,1.2,,,,,,,5|10,,,,,,,,,,,,,,,,,,,
Blinding Flash,0,,1,1,,,,,,,,,6,,,,,,4,,,,,,,,,,,,,,
Stone Shards,720,,1,1,,,0.5,,,Projectile|0.2,,1|6,,,,,,,,,,,,,,,,,,,,,
Stone Shards,1000,,2,1,,,0.5,,,Projectile|0.2,,1|6,,,,,,,,,,,,,,,,,,,,,
Stone Shards,1240,,3,1,,,0.5,,,Projectile|0.2,,1|6,,,,,,,,,,,,,,,,,,,,,
Rock Barrier,760,,1,,,,,30,,,,,,,,,,,,,,,,4,,,,,,,,,
Hurl,300,,1,1,,,0.44,,,Projectile|1,,1|8,,,,,,,,,,,,,,,,,,,,,
Hurl,500,,2,1,,,0.44,,,Projectile|1,,1|8,,,,,,,,,,,,,,,,,,,,,
Hurl,700,,3,1,,,0.44,,,Projectile|1,,1|8,,,,,,,,,,,,,,,,,,,,,
Hurl,900,,4,1,,,0.44,,,Projectile|1,,1|8,,,,,,,,,,,,,,,,,,,,,
Hurl,1100,,5,1,,,0.44,,,Projectile|1,,1|8,,,,,,,,,,,,,,,,,,,,,
Dust Devil,160,,1,1,,,0.4,,,,,,6,,,,,,,1.5,,,,,,,,,,,,,
Dust Devil,1160,,2,1,,,0.4,,,,,,,,,,,,,1.5,,,,,,,,,,,,,
Dust Devil,2160,,3,1,,,0.4,,,,,,,,,,,,,1.5,,,,,,,,,,,,,
Fire Strike,280,,1,1,,,0.8,,,,,,,,,,,,,,,,,,,,,,,,,,
Fire Swipe,360,,1,1,,,0.9,,,,,,,,,,,,,,,,,,,,,,,,,,
Searing Slash,480,,1,1,,,1.6,,,,1|4,,,,,,,,,,,,,,,,,,,,,,
Flame Uprising,600,,1,1,,,1.5,,,Leap,1|4,,,,,,,,,,,,,,,,,,,,,,
Flame Uprising,1600,1000,2,Duration,1,,0.5,2,1,,,,,,,,,,,,,,,,,,,,,,,,
Cauterizing Strike,440,,1,1,,,2.8,,,,1|8,,,,,,,,,,,,,,,,,,,,,,
Seiche,280,,1,1,,,0.8,,,,,,,,,,,,,,,,,,,,,,,,,,
Clapotis,360,,1,1,,,0.9,,,,,,,,,,,,,,,,,,,,,,,,,,
Breaking Wave,480,,1,1,,,1.1,,,,,,,,,,,,,,,,,,,,,,,,,,
Riptide,40,,1,1,,,0.33,4,,,,,,,,5,,,,,,,,,,,,,,,,,
Aqua Siphon,600,,1,1,,,0.75,,,,,,,,,5,,,,,,,,,,,,,,,,,
Charged Strike,280,,1,1,,,0.9,,,,,,,,,,,,,,,,,,,,,,,,,,
Polaric Slash,360,,1,1,,,1,,,,,,,,,,2,,,,,,,,,,,,,,,,
Call Lightning,560,,1,1,,,1.2,,,,,,,,,,,,,,,,,,,,,,,,,,
Call Lightning,760,,2,1,,,0.32,,,,,,,,,,,,,,,,,,,,,,,,,,
Call Lightning,960,,3,1,,,0.32,,,,,,,,,,,,,,,,,,,,,,,,,,
Call Lightning,1160,,4,1,,,0.32,,,,,,,,,,,,,,,,,,,,,,,,,,
Polaric Leap,280,,1,1,,1,0.66,,,Leap,,,,,,,,3,3,,,,,,,,,,,,,,
Quantum Strike,600,,1,1,,,0.5,,,,,,,1|8,,,,,,,,,,,,,,,,,,,
Quantum Strike,800,,2,1,,,0.425,,,,,,,1|8,,,,,,,,,,,,,,,,,,,
Quantum Strike,1000,,3,1,,,0.425,,,,,,,1|8,,,,,,,,,,,,,,,,,,,
Quantum Strike,1200,,4,1,,,0.425,,,,,,,1|8,,,,,,,,,,,,,,,,,,,
Quantum Strike,1400,,5,1,,,0.425,,,,,,,1|8,,,,,,,,,,,,,,,,,,,
Quantum Strike,1600,,6,1,,,0.425,,,,,,,1|8,,,,,,,,,,,,,,,,,,,
Quantum Strike,1800,,7,1,,,0.425,,,,,,,1|8,,,,,,,,,,,,,,,,,,,
Quantum Strike,2000,,8,1,,,0.425,,,,,,,1|8,,,,,,,,,,,,,,,,,,,
Quantum Strike,2200,,9,1,,,0.425,,,,,,,1|8,,,,,,,,,,,,,,,,,,,
Crystal Slash,280,,1,1,,,0.8,,,,,1|4,,,,,,,,,,,,,,,,,,,,,
Crystalline Strike,360,,1,1,,,0.9,,,,,1|4,,,,,,,,,,,,,,,,,,,,,
Crystalline Sunder,480,,1,1,,,1.4,,,,,1|8,,,,,,,,3,,,,,,,,,,,,,
Earthen Vortex,720,,1,1,,,1.8,,,Blast,,2|8,,,,,,,,3,,,,,,,,,,,,,
Rust Frenzy,360,,1,1,,,2.64,,,,,1|4,,,,,,,,,,,,,,,,,,,,,
Rust Frenzy,360,,2,2,,,2.64,,,,,1|4,,,,,,,,,,,,,,,,,,,,,
Rust Frenzy,600,,3,3,,,2.64,,,,,1|4,,,,,,,,,,,,,,,,,,,,,
Rust Frenzy,640,,4,4,,,2.64,,,,,1|4,,,,,,,,,,,,,,,,,,,,,
Rust Frenzy,840,,5,5,,,2.64,,,,,1|4,,,,,,,,,,,,,,,,,,,,,
Rust Frenzy,840,,6,6,,,2.64,,,,,1|4,,,,,,,,,,,,,,,,,,,,,
Rust Frenzy,1080,,7,7,,,2.64,,,,,1|4,,,,,,,,,,,,,,,,,,,,,
Rust Frenzy,1120,,8,8,,,2.64,,,,,1|4,,,,,,,,,,,,,,,,,,,,,
Dragon's Claw,440,,1,3,,,1.125,,,,,,,,,,,,,,,,,,,,,,,,,,
Drake's Breath,520,,1,1,,,0.8,,,,1|4,,,,,,,,,,,,,,,,,,,,,,
Drake's Breath,760,,2,1,,,0.8,,,,1|4,,,,,,,,,,,,,,,,,,,,,,
Drake's Breath,1000,,3,1,,,0.8,,,,1|4,,,,,,,,,,,,,,,,,,,,,,
Drake's Breath,1240,,4,1,,,0.8,,,,1|4,,,,,,,,,,,,,,,,,,,,,,
Burning Speed,800,,1,1,,,2,,,,1|2,,,,,,,,,,,,,,,,,,,,,,
Burning Speed,160,1000,2,Duration,1,,0.2,5,,,1|2,,,,,,,,,,,,,,,,,,,,,,
Ring of Fire,280,,1,1,,,2,,,,2|4,,,,,,,,,,,,,,,,,,,,,,
Fire Grab,480,,1,1,,,3.5,,,,,,,,,,,,,,,,,,,,,,,,,,
Vapor Blade,360,,1,1,,,0.33,,,,,,,1|6,,,,,,,,,,,,,,,,,,,
Vapor Blade,1360,,2,1,,,0.33,,,,,,,1|6,,,,,,,,,,,,,,,,,,,
Cone of Cold,520,,1,1,,,0.6,,,,,,,,,,,,,,,,,,,,,,,,,,
Cone of Cold,760,,2,1,,,0.6,,,,,,,,,,,,,,,,,,,,,,,,,,
Cone of Cold,1000,,3,1,,,0.6,,,,,,,,,,,,,,,,,,,,,,,,,,
Cone of Cold,1240,,4,1,,,0.6,,,,,,,,,,,,,,,,,,,,,,,,,,
Frozen Burst,200,,1,1,,,0.4,,,Blast,,,,,3,,,,,,,,,,,,,,,,,,
Frost Aura,0,,1,,,,,,,,,,,,,,,,,,,,,,,,,,,,,,
Transmute Frost,840,,1,1,,,0.5,,,,,,,,,4,,,,,,,,,,,,,,,,,
Cleansing Wave,960,,1,,,,,,,,,,,,,,,,,,,,,,,,,,,,,,
Lightning Whip,360,,1,1,,,0.63,,,,,,,,,,,,,,,,,,,,,,,,,,
Lightning Whip,560,,2,1,,,0.63,,,,,,,,,,,,,,,,,,,,,,,,,,
Convergence,1320,,1,1,,,1.8,,,Blast,,,,,,,,,3,,,,,,2.5,,,,,,,,
Shocking Aura,0,,1,,,,,,,,,,,,,,,,,,,,,,,,,,,,,,
Transmute Lightning,840,,1,1,,1,1.5,,,,,,,,,,,,,,,,,,,,,,,,,,
Ride the Lightning,80,,1,1,,,1.5,,,,,,,,,,,,,,,,,,,,,,,,,,
Updraft,880,,1,1,,1,,,,,,,,,,,10,,,,,,,,,,,,,,,,
Impale,640,,1,1,,,0.77,,,,,1|10,,,,,,,,,,,,,,,,,,,,,
Ring of Earth,200,,1,1,,,0.33,,,,,3|6,,,,,,,,2,,,,,,,,,,,,,
Ring of Earth,760,,1,1,,,1.5,,,,,3|6,,,,,,,,2,,,,,,,,,,,,,
Earthen Rush,280,,1,1,,,1.8,,,Leap,,,,,,,,,,,,2,,,,,,,,,,,
Earthquake,480,,1,1,,1,3,,,Blast,,,,,,,,,,,,,,,,,,,,,,,
Churning Earth,0,,1,,,,,,,Blast,,,,,,,,,,,,,,,,,,,,,,,
Churning Earth,800,,2,1,,,3,,,,,10|8,,,,,,,,4,,,,,,,,,,,,,
Flamewall,560,1000,1,Duration,1,,0.1,9,,,1|2.5,,,,,,,,,,,,,,,,,,,,,,
Fire Shield,0,,1,,,,,,,,,,,,,,,,,,,,,,,,,,,,,,
Transmute Fire,840,,1,1,,,1,,,,1|6,,,,,,,,,,,,,,,5|6,,,,,,,
Freezing Gust,280,,1,1,,,0.25,,,,,,,,3,,,,,,,,,,,,,,,,,,
Comet,760,,1,1,,1,0.75,,,Blast,,,,,,,,,,,,,,,,,,,,,,,
Swirling Winds,680,,1,,,,,6,,,,,,,,,,,,,,,,,,,,,,,,,
Gale,560,,1,1,,1,,,,,,,,,,,,,,,,,,,,,,,,,,,
Magnetic Wave,0,,1,1,,,1,,,Blast,,,,,,,,,,5,,,,,,,,,,,,,
Obsidian Flesh,0,,1,,,,,,,,,,,,,,,,,,,,,,,,,,,,,,
Heat Sync,560,,1,,,,,,,,,,,,,,,,,,,,,,10,3|10,,,,,,,
Wildfire,1560,1000,1,Duration,1,,0.44,8,1,,1|3,,,,,,,,,,,,,,,,,,,,,,
Tidal Surge,920,,1,1,,1,1,,,Blast,,,,,,,,,,,,,,,,,,,,,,,
Water Globe,920,,1,,,,,4,,,,,,,,,,,,,,,,,,,,,,,,,
Cyclone,560,,1,1,,1,0.9,,,,,,,,,,10,2.5,,,,,,,,,,,,,,,
Lightning Orb,400,,1,1,,,0.8,,,,,,,1|10,,,,,,,,,,,,,,,,,,,
Lightning Orb,680,,2,1,,,0.72,,,,,,,1|10,,,,,,,,,,,,,,,,,,,
Lightning Orb,960,,3,1,,,0.64,,,,,,,1|10,,,,,,,,,,,,,,,,,,,
Lightning Orb,1240,,4,1,,,0.56,,,,,,,1|10,,,,,,,,,,,,,,,,,,,
Lightning Orb,1520,,5,1,,,0.48,,,,,,,1|10,,,,,,,,,,,,,,,,,,,
Lightning Orb,1800,,6,1,,,0.4,,,,,,,1|10,,,,,,,,,,,,,,,,,,,
Lightning Orb,2080,,7,1,,,0.32,,,,,,,1|10,,,,,,,,,,,,,,,,,,,
Lightning Orb,2360,,8,1,,,0.24,,,,,,,1|10,,,,,,,,,,,,,,,,,,,
Lightning Orb,2760,,9,1,,,0.16,,,,,,,1|10,,,,,,,,,,,,,,,,,,,
Lightning Orb,3160,,10,1,,,0.08,,,,,,,1|10,,,,,,,,,,,,,,,,,,,
Lightning Orb,3600,,11,1,,,0.05,,,,,,,1|10,,,,,,,,,,,,,,,,,,,
Lightning Orb,4000,,12,1,,,0.05,,,,,,,1|10,,,,,,,,,,,,,,,,,,,
Lightning Orb,4400,,13,1,,,0.05,,,,,,,1|10,,,,,,,,,,,,,,,,,,,
Lightning Orb,4800,,14,1,,,0.05,,,,,,,1|10,,,,,,,,,,,,,,,,,,,
Sand Squall,560,,1,,,,,,,Blast,,,,,,,,,,,,,,,,,2,3,,,,,
Dust Storm,1560,,1,1,,,0.3,,,,,2|10,2,,,,,,,,,,,4,,,,,,,,,
Dust Storm,2640,,2,1,,,0.3,,,,,2|10,2,,,,,,,,,,,,,,,,,,,,
Dust Storm,3560,,3,1,,,0.3,,,,,2|10,2,,,,,,,,,,,,,,,,,,,,
Dust Storm,4640,,4,1,,,0.3,,,,,2|10,2,,,,,,,,,,,,,,,,,,,,
Dust Storm,5560,,5,1,,,0.3,,,,,2|10,2,,,,,,,,,,,,,,,,,,,,
Dust Storm,6640,,6,1,,,0.3,,,,,2|10,2,,,,,,,,,,,,,,,,,,,,
Arcane Brilliance,520,,1,1,,,0.5,,,Blast,,,,,,,,,,,,,,,,,,,,,,,
Signet of Restoration,440,,1,,,,,,,,,,,,,,,,,,,,,,,,,,,,,,
Glyph of Elemental Harmony,680,,1,,,,,,,,,,,,,,,,,,,,,,,3|20,,,,,,,
Arcane Blast,0,,1,1,,,1.4,,,Projectile|1,,,,,,,,,,,,,,,,,,,,,,,
Arcane Echo,0,,1,,,,,,,,,,,,,,,,,,,,,,,,,,,,,,
Arcane Wave,800,,1,1,,1,1.4,,,Blast,,,,,,,,,,,,,,,,,,,,,,,
Conjure Frost Bow,480,,1,,,,,,,,,,,,,,,,,,,,,,,,,,,,,,
Conjure Lightning Hammer,880,,1,,,,,,,,,,,,,,,,,,,,,,,,,,,,,,
Water Arrow,560,,1,,,,0.3,,,,,,,,,,,,,,,,,,,,,,,,,,
Frost Volley,360,,1,1,,,0.5,,,Projectile|1,,,,1|15,,,,,,,,,,,,,,,,,,,
Frost Volley,680,,2,1,,,0.5,,,Projectile|1,,,,1|15,,,,,,,,,,,,,,,,,,,
Frost Volley,1000,,3,1,,,0.5,,,Projectile|1,,,,1|15,,,,,,,,,,,,,,,,,,,
Frost Volley,1320,,4,1,,,0.5,,,Projectile|1,,,,1|15,,,,,,,,,,,,,,,,,,,
Frost Volley,1640,,5,1,,,0.5,,,Projectile|1,,,,1|15,,,,,,,,,,,,,,,,,,,
Frost Fan,240,,1,7,,,1.75,,,,,,,,1,,,,,,,,,,,,,,,,,,
Frost Storm,1040,,1,1,,,0.7,,,,,,,,,,,,,,,,,,,,,,,,,,
Frost Storm,1320,,2,1,,,0.63,,,,,1|3,,,,,,,,,,,,,,,,,,,,,
Frost Storm,1520,,3,1,,,0.56,,,,,1|3,,,,,,,,,,,,,,,,,,,,,
Frost Storm,1560,,4,1,,,0.49,,,,,1|3,,,,,,,,,,,,,,,,,,,,,
Frost Storm,1800,,5,1,,,0.42,,,,,1|3,,,,,,,,,,,,,,,,,,,,,
Frost Storm,1800,,6,1,,,0.35,,,,,1|3,,,,,,,,,,,,,,,,,,,,,
Frost Storm,2000,,7,1,,,0.28,,,,,1|3,,,,,,,,,,,,,,,,,,,,,
Frost Storm,2040,,8,1,,,0.21,,,,,1|3,,,,,,,,,,,,,,,,,,,,,
Frost Storm,2280,,9,1,,,0.14,,,,,1|3,,,,,,,,,,,,,,,,,,,,,
Frost Storm,2280,,10,1,,,0.14,,,,,1|3,,,,,,,,,,,,,,,,,,,,,
Frost Storm,2480,,11,1,,,0.14,,,,,1|3,,,,,,,,,,,,,,,,,,,,,
Frost Storm,2520,,12,1,,,0.14,,,,,1|3,,,,,,,,,,,,,,,,,,,,,
Frost Storm,2760,,13,1,,,0.14,,,,,1|3,,,,,,,,,,,,,,,,,,,,,
Frost Storm,2760,,14,1,,,0.14,,,,,1|3,,,,,,,,,,,,,,,,,,,,,
Frost Storm,2960,,15,1,,,0.14,,,,,1|3,,,,,,,,,,,,,,,,,,,,,
Frost Storm,3000,,16,1,,,0.14,,,,,1|3,,,,,,,,,,,,,,,,,,,,,
Frost Storm,3240,,17,1,,,0.14,,,,,1|3,,,,,,,,,,,,,,,,,,,,,
Frost Storm,3240,,18,1,,,0.14,,,,,1|3,,,,,,,,,,,,,,,,,,,,,
Frost Storm,3480,,19,1,,,0.14,,,,,1|3,,,,,,,,,,,,,,,,,,,,,
Frost Storm,3720,,20,1,,,0.14,,,,,1|3,,,,,,,,,,,,,,,,,,,,,
Frost Storm,3960,,21,1,,,0.14,,,,,1|3,,,,,,,,,,,,,,,,,,,,,
Frost Storm,4240,,22,1,,,0.14,,,,,1|3,,,,,,,,,,,,,,,,,,,,,
Frost Storm,4480,,23,1,,,0.14,,,,,1|3,,,,,,,,,,,,,,,,,,,,,
Frost Storm,4720,,24,1,,,0.14,,,,,1|3,,,,,,,,,,,,,,,,,,,,,
Deep Freeze,1120,,1,1,,1,0.8,,,,,,,,5,,,,,,,,,,,,,,,,,,
Lightning Swing,360,,1,1,,,1,,,,,,,,,,,,,,,,,,,,,,,,,,
Static Swing,320,,1,1,,,1,,,,,,,,,,,,,,,,,,,,,,,,,,
Thunderclap,320,,1,1,,,1.5,,,Blast,,,3,,,,,,,,,,,,,,,,,,,,
Lightning Leap,800,,1,1,,,1,,,Leap,,,,,,,,,,,,,,,,,,,3,,,,
Wind Blast,680,,1,1,,1,0.33,,,,,,,,,,,3,,,,,,,,,,,,,,,
Invoke Lightning,360,,1,1,,,0.825,,,,,,,,,,,,,,,,,,,,,,,,,,
Invoke Lightning,360,,2,1,,,0.7425,,,,,,,,,,,,,,,,,,,,,,,,,,
Invoke Lightning,360,,3,1,,,0.66,,,,,,,,,,,,,,,,,,,,,,,,,,
Invoke Lightning,480,,4,1,,,0.5775,,,,,,,,,,,,,,,,,,,,,,,,,,
Invoke Lightning,480,,5,1,,,0.495,,,,,,,,,,,,,,,,,,,,,,,,,,
Invoke Lightning,480,,6,1,,,0.4125,,,,,,,,,,,,,,,,,,,,,,,,,,
Invoke Lightning,600,,7,1,,,0.33,,,,,,,,,,,,,,,,,,,,,,,,,,
Invoke Lightning,600,,8,1,,,0.2475,,,,,,,,,,,,,,,,,,,,,,,,,,
Invoke Lightning,600,,9,1,,,0.24,,,,,,,,,,,,,,,,,,,,,,,,,,
Invoke Lightning,760,,10,1,,,0.24,,,,,,,,,,,,,,,,,,,,,,,,,,
Invoke Lightning,760,,11,1,,,0.24,,,,,,,,,,,,,,,,,,,,,,,,,,
Invoke Lightning,760,,12,1,,,0.24,,,,,,,,,,,,,,,,,,,,,,,,,,
Invoke Lightning,880,,13,1,,,0.24,,,,,,,,,,,,,,,,,,,,,,,,,,
Invoke Lightning,880,,14,1,,,0.24,,,,,,,,,,,,,,,,,,,,,,,,,,
Invoke Lightning,880,,15,1,,,0.24,,,,,,,,,,,,,,,,,,,,,,,,,,
Invoke Lightning,880,,16,1,,,0.24,,,,,,,,,,,,,,,,,,,,,,,,,,
Invoke Lightning,880,,17,1,,,0.24,,,,,,,,,,,,,,,,,,,,,,,,,,
Invoke Lightning,880,,18,1,,,0.24,,,,,,,,,,,,,,,,,,,,,,,,,,
Invoke Lightning,1000,,19,1,,,0.24,,,,,,,,,,,,,,,,,,,,,,,,,,
Invoke Lightning,1000,,20,1,,,0.24,,,,,,,,,,,,,,,,,,,,,,,,,,
Static Field,680,,1,1,,1,0.5,4,,,,,,,,,,,,,,,,,,,,,,,,,
Glyph of Elemental Power (Fire),400,,1,1,,,1.5,,,,3|6,,,,,,,,,,,,,,,,,,,,,,
Glyph of Elemental Power (Water),400,,1,,,,,,,,,,,,,,,,,,,,,,,,,,,,,,
Glyph of Elemental Power (Air),400,,1,1,,1,0.5,,,,,,,,,,,,,,,,,,,,,,,,,,
Glyph of Elemental Power (Earth),400,,1,,,,,,,,,,,,,,,,,,,,,,,,,,,,,,
Glyph of Storms (Fire),880,1000,1,Duration,1,,0.5,11,,,1|2,,,,,,,,,,,,,,,,,,,,,,
Glyph of Storms (Water),1600,,1,1,,,0.8,,,,,,,,3,,,,,,,,,,,,,,,,,,
Glyph of Storms (Water),1920,,2,1,,,0.72,,,,,,,,3,,,,,,,,,,,,,,,,,,
Glyph of Storms (Water),2240,,3,1,,,0.64,,,,,,,,3,,,,,,,,,,,,,,,,,,
Glyph of Storms (Water),2560,,4,1,,,0.56,,,,,,,,3,,,,,,,,,,,,,,,,,,
Glyph of Storms (Water),2880,,5,1,,,0.48,,,,,,,,3,,,,,,,,,,,,,,,,,,
Glyph of Storms (Water),3200,,6,1,,,0.4,,,,,,,,3,,,,,,,,,,,,,,,,,,
Glyph of Storms (Water),3520,,7,1,,,0.32,,,,,,,,3,,,,,,,,,,,,,,,,,,
Glyph of Storms (Water),3840,,8,1,,,0.32,,,,,,,,3,,,,,,,,,,,,,,,,,,
Glyph of Storms (Water),4160,,9,1,,,0.32,,,,,,,,3,,,,,,,,,,,,,,,,,,
Glyph of Storms (Water),4480,,10,1,,,0.32,,,,,,,,3,,,,,,,,,,,,,,,,,,
Glyph of Storms (Water),4800,,11,1,,,0.32,,,,,,,,3,,,,,,,,,,,,,,,,,,
Glyph of Storms (Water),5120,,12,1,,,0.32,,,,,,,,3,,,,,,,,,,,,,,,,,,
Glyph of Storms (Water),5440,,13,1,,,0.32,,,,,,,,3,,,,,,,,,,,,,,,,,,
Glyph of Storms (Water),5760,,14,1,,,0.32,,,,,,,,3,,,,,,,,,,,,,,,,,,
Glyph of Storms (Water),6080,,15,1,,,0.32,,,,,,,,3,,,,,,,,,,,,,,,,,,
Glyph of Storms (Water),6400,,16,1,,,0.32,,,,,,,,3,,,,,,,,,,,,,,,,,,
Glyph of Storms (Water),6720,,17,1,,,0.32,,,,,,,,3,,,,,,,,,,,,,,,,,,
Glyph of Storms (Water),7040,,18,1,,,0.32,,,,,,,,3,,,,,,,,,,,,,,,,,,
Glyph of Storms (Air),880,,1,1,,,0.825,,,,,,,2|8,,,,,,,,,,,,,,,,,,,
Glyph of Storms (Air),880,,2,1,,,0.78375,,,,,,,2|8,,,,,,,,,,,,,,,,,,,
Glyph of Storms (Air),880,,3,1,,,0.7425,,,,,,,2|8,,,,,,,,,,,,,,,,,,,
Glyph of Storms (Air),1400,,4,1,,,0.70125,,,,,,,2|8,,,,,,,,,,,,,,,,,,,
Glyph of Storms (Air),1560,,5,1,,,0.66,,,,,,,2|8,,,,,,,,,,,,,,,,,,,
Glyph of Storms (Air),1680,,6,1,,,0.61875,,,,,,,2|8,,,,,,,,,,,,,,,,,,,
Glyph of Storms (Air),1890,,7,1,,,0.5775,,,,,,,2|8,,,,,,,,,,,,,,,,,,,
Glyph of Storms (Air),2200,,8,1,,,0.53625,,,,,,,2|8,,,,,,,,,,,,,,,,,,,
Glyph of Storms (Air),2400,,9,1,,,0.495,,,,,,,2|8,,,,,,,,,,,,,,,,,,,
Glyph of Storms (Air),2480,,10,1,,,0.45375,,,,,,,2|8,,,,,,,,,,,,,,,,,,,
Glyph of Storms (Air),2840,,11,1,,,0.4125,,,,,,,2|8,,,,,,,,,,,,,,,,,,,
Glyph of Storms (Air),2880,,12,1,,,0.37125,,,,,,,2|8,,,,,,,,,,,,,,,,,,,
Glyph of Storms (Air),3280,,13,1,,,0.33,,,,,,,2|8,,,,,,,,,,,,,,,,,,,
Glyph of Storms (Air),3400,,14,1,,,0.28875,,,,,,,2|8,,,,,,,,,,,,,,,,,,,
Glyph of Storms (Air),3480,,15,1,,,0.2475,,,,,,,2|8,,,,,,,,,,,,,,,,,,,
Glyph of Storms (Air),3880,,16,1,,,0.2475,,,,,,,2|8,,,,,,,,,,,,,,,,,,,
Glyph of Storms (Air),4080,,17,1,,,0.2475,,,,,,,2|8,,,,,,,,,,,,,,,,,,,
Glyph of Storms (Air),4160,,18,1,,,0.2475,,,,,,,2|8,,,,,,,,,,,,,,,,,,,
Glyph of Storms (Air),4400,,19,1,,,0.2475,,,,,,,2|8,,,,,,,,,,,,,,,,,,,
Glyph of Storms (Air),4800,,20,1,,,0.2475,,,,,,,2|8,,,,,,,,,,,,,,,,,,,
Glyph of Storms (Air),4880,,21,1,,,0.2475,,,,,,,2|8,,,,,,,,,,,,,,,,,,,
Glyph of Storms (Air),4880,,22,1,,,0.2475,,,,,,,2|8,,,,,,,,,,,,,,,,,,,
Glyph of Storms (Air),5400,,23,1,,,0.2475,,,,,,,2|8,,,,,,,,,,,,,,,,,,,
Glyph of Storms (Air),5440,,24,1,,,0.2475,,,,,,,2|8,,,,,,,,,,,,,,,,,,,
Glyph of Storms (Air),5680,,25,1,,,0.2475,,,,,,,2|8,,,,,,,,,,,,,,,,,,,
Glyph of Storms (Air),5880,,26,1,,,0.2475,,,,,,,2|8,,,,,,,,,,,,,,,,,,,
Glyph of Storms (Air),6080,,27,1,,,0.2475,,,,,,,2|8,,,,,,,,,,,,,,,,,,,
Glyph of Storms (Air),6400,,28,1,,,0.2475,,,,,,,2|8,,,,,,,,,,,,,,,,,,,
Glyph of Storms (Air),6480,,29,1,,,0.2475,,,,,,,2|8,,,,,,,,,,,,,,,,,,,
Glyph of Storms (Air),6760,,30,1,,,0.2475,,,,,,,2|8,,,,,,,,,,,,,,,,,,,
Glyph of Storms (Air),7290,,31,1,,,0.2475,,,,,,,2|8,,,,,,,,,,,,,,,,,,,
Glyph of Storms (Air),7400,,32,1,,,0.2475,,,,,,,2|8,,,,,,,,,,,,,,,,,,,
Glyph of Storms (Air),8040,,33,1,,,0.2475,,,,,,,2|8,,,,,,,,,,,,,,,,,,,
Glyph of Storms (Air),8080,,34,1,,,0.2475,,,,,,,2|8,,,,,,,,,,,,,,,,,,,
Glyph of Storms (Air),8880,,35,1,,,0.2475,,,,,,,2|8,,,,,,,,,,,,,,,,,,,
Glyph of Storms (Air),9680,,36,1,,,0.2475,,,,,,,2|8,,,,,,,,,,,,,,,,,,,
Glyph of Storms (Earth),880,1000,1,11,1,,0.5,,,,,1|3,3,,,,,,,,,,,,,,,,,,,,
Signet of Fire,440,,1,1,,,0.5,,,,2|10,,,,,,,,,,,,,,,,,,,,,,
Signet of Earth,440,,1,1,,,0.5,,,,,4|9,,,,,,,,,,3,,,,,,,,,,,
Conjure Fiery Greatsword,1440,,1,1,,,1,,,,1|3,,,,,,,,,,,,,,,,,,,,,,
Flame Wave,360,,1,1,,,0.65,,,,,,,,,,,,,,,,,,,,,,,,,,
Flame Wave,800,,2,1,,,0.65,,,,,,,,,,,,,,,,,,,,,,,,,,
Flame Wave,1240,,3,1,,,0.65,,,,,,,,,,,,,,,,,,,,,,,,,,
Flame Wave,1680,,4,1,,,0.65,,,,,,,,,,,,,,,,,,,,,,,,,,
Fiery Eruption,720,,1,Duration,1,,,6,,,1|3,,,,,,,,,,,,,,,,,,,,,,
Fiery Whirl,280,,1,1,,,0.688,,,Whirl|1,,,,,,,,,,3,,,,,,,,,,,,,
Fiery Whirl,400,,2,1,,,0.688,,,Whirl|1,,,,,,,,,,3,,,,,,,,,,,,,
Fiery Rush,1080,,1,1,,,2,,,,,,,,,,,,,,,,,,,,,,,,,,
Firestorm,520,1000,1,Duration,,,0.65,9,1,,,,,,,,,,,,,,,,,,,,,,,,
Overload Fire,280,,1,1,,,0.9,10,,Whirl|2,1|3,,,,,,,,,,,,,,,2|16,,,,,,,
Overload Fire,760,,2,1,,,0.9,10,,Whirl|2,1|3,,,,,,,,,,,,,,,2|16,,,,,,,
Overload Fire,1240,,3,1,,,0.9,10,,Whirl|2,1|3,,,,,,,,,,,,,,,2|16,,,,,,,
Overload Fire,1720,,4,1,,,0.9,10,,Whirl|1,1|3,,,,,,,,,,,,,,,2|16,,,,,,,
Overload Fire,3200,,5,1,,,0.9,10,,,1|3,,,,,,,,,,,,,,,2|16,,,,,,,
Overload Fire,4200,,6,1,,,0.9,10,,,1|3,,,,,,,,,,,,,,,2|16,,,,,,,
Overload Fire,5200,,7,1,,,0.9,10,,,1|3,,,,,,,,,,,,,,,2|16,,,,,,,
Overload Fire,6200,,8,1,,,0.9,10,,,1|3,,,,,,,,,,,,,,,2|16,,,,,,,
Overload Fire,7200,,9,1,,,0.9,10,,,1|3,,,,,,,,,,,,,,,2|16,,,,,,,
Overload Fire,8200,,10,1,,,0.9,10,,,1|3,,,,,,,,,,,,,,,2|16,,,,,,,
Overload Fire,9200,,1,1,,,0.9,10,,,1|3,,,,,,,,,,,,,,,2|16,,,,,,,
Overload Water,280,,1,,,,,,,,,,,,,,,,,,,,,,,,,,,,,,
Overload Water,760,,2,,,,,,,,,,,,,,,,,,,,,,,,,,,,,,
Overload Water,1240,,3,,,,,,,,,,,,,,,,,,,,,,,,,,,,,,
Overload Water,1720,,4,,,,,,,,,,,,,,,,,,,,,,,,,,,,,,
Overload Water,2800,,5,,,,,,,,,,,,,,,,,,,,,,,,,,,,,,
Overload Air,720,,1,1,,,0.85,14,,,,,,1|10,,,,,,,,,,,1,,,,,,,,
Overload Air,1120,,2,1,,,0.85,14,,,,,,1|10,,,,,,,,,,,1,,,,,,,,
Overload Air,1520,,3,1,,,0.85,14,,,,,,1|10,,,,,,,,,,,1,,,,,,,,
Overload Air,1920,,4,1,,,0.85,14,,,,,,1|10,,,,,,,,,,,1,,,,,,,,
Overload Air,2320,,5,1,,,0.85,14,,,,,,1|10,,,,,,,,,,,1,,,,,,,,
Overload Air,2720,,6,1,,,0.85,14,,,,,,1|10,,,,,,,,,,,1,,,,,,,,
Overload Air,3120,,7,1,,,0.85,14,,,,,,1|10,,,,,,,,,,,1,,,,,,,,
Overload Air,3640,,8,1,,,0.85,14,,,,,,1|10,,,,,,,,,,,1,,,,,,,,
Overload Air,4160,,9,1,,,0.85,14,,,,,,1|10,,,,,,,,,,,1,,,,,,,,
Overload Air,4680,,10,1,,,0.85,14,,,,,,1|10,,,,,,,,,,,1,,,,,,,,
Overload Air,5210,,11,1,,,0.85,14,,,,,,1|10,,,,,,,,,,,1,,,,,,,,
Overload Air,5720,,12,1,,,0.85,14,,,,,,1|10,,,,,,,,,,,1,,,,,,,,
Overload Air,6240,,13,1,,,0.85,14,,,,,,1|10,,,,,,,,,,,1,,,,,,,,
Overload Air,6760,,14,1,,,0.85,14,,,,,,1|10,,,,,,,,,,,1,,,,,,,,
Overload Earth,80,,1,1,,,0.75,,,,,1|9,,,,,,,,3,,,,,,,1,,,3|4,,,
Overload Earth,800,,2,1,,,0.75,,,,,1|9,,,,,,,,3,,,,,,,1,,,,,,
Overload Earth,1520,,3,1,,,0.75,,,,,1|9,,,,,,,,3,,,,,,,1,,,,,,
Overload Earth,2240,,4,1,,,0.75,,,,,1|9,,,,,,,,3,,,,,,,1,,,,,,
Overload Earth,2760,,5,1,,,0.75,1,,Blast,,1|9,,,,,,,,3,,4,,,,,1,,,,,,
Overload Earth,3760,,6,1,,,0.75,,,,,1|9,,,,,,,,3,,,,,,,1,,,,,,
Overload Earth,4760,,7,1,,,0.75,,,,,1|9,,,,,,,,3,,,,,,,1,,,,,,
Overload Earth,5760,,8,1,,,0.75,,,,,1|9,,,,,,,,3,,,,,,,1,,,,,,
Overload Earth,6760,,9,1,,,0.75,,,,,1|9,,,,,,,,3,,,,,,,1,,,,,,
Feel the Burn!,0,,1,1,,,2.5,,,,2|4,,,,,,,,,,,,,,10,8|15,,,,,,,
Aftershock!,200,,1,1,,,0.75,,,,,,,,,,,,,6,,,,,,,5,,,,5,,
Aftershock!,1200,,2,1,,,0.75,,,Blast,,,,,,,,,,,,2,,,,,,,,,,,
Steam Surge,560,,1,1,,,1.5,,,,,,,,,,,,,,,,,,,,,,,,,,
Plasma Burst,480,,1,1,,,2,,,Blast,1|6,,,,,,,,,,,,,,,,,,,,,,
Ashen Blast,440,,1,1,,,1.1,,,,1|4,,3,,,,,,,,,,,,,,,,,,,,
Katabatic Wind,40,,1,1,,1,0.88,,,Blast,,,,,3,4,,,,,,,,,,,,,,,,,
Mud Slide,960,,1,1,,1,0.15,,,,,,,,,,,,,,,,,,,,,,,,,,
Grinding Stones,920,,1,1,,,0.275,,,,,1|6,,,,,,,,,,,,,,,,,,5,,,
Grinding Stones,1440,,2,1,,,0.275,,,,,1|6,,,,,,,,,,,,,,,,,,,,,
Grinding Stones,1960,,3,1,,,0.275,,,,,1|6,,,,,,,,,,,,,,,,,,,,,
Grinding Stones,2480,,4,1,,,0.275,,,,,1|6,,,,,,,,,,,,,,,,,,,,,
Grinding Stones,3000,,5,1,,,0.275,,,,,1|6,,,,,,,,,,,,,,,,,,,,,
Grinding Stones,3520,,6,1,,,0.275,,,,,1|6,,,,,,,,,,,,,,,,,,,,,
Fiery Frost,320,,1,1,,,1.1,,,,1|4,,,,3,,,,,,,,,,,,,,,,,,
Plasma Beam,240,,1,1,,,0.55,,,,,,,,,,,,,,,,,,,,,,,,,,
Plasma Beam,360,,2,1,,,0.55,,,,,,,,,,,,,,,,,,,,,,,,,,
Plasma Beam,520,,3,1,,,0.55,,,,,,,,,,,,,,,,,,,,,,,,,,
Plasma Beam,640,,4,1,,,0.55,,,,,,,,,,,,,,,,,,,,,,,,,,
Plasma Beam,760,,5,1,,,0.55,,,,,,,,,,,,,,,,,,,,,,,,,,
Fracturing Strike,240,,1,1,,,1.2,,,,1|2,,,3|8,,,,,,,,,,,,,,,,,,,
Fracturing Strike,840,,2,1,,,1.2,,,,1|2,,,3|8,,,,,,,,,,,,,,,,,,,
Glacial Drift,480,,1,1,,,2,,,,,,,,4,,,,,,,,,,,,,,,5,,,
Stone Tide,760,,1,1,,,0.3,,,,,1|8,,1|8,,,,,,,,,,,,,,,,,,,
Stone Tide,1040,,2,1,,,0.3,,,,,1|8,,1|8,,,,,,,,,,,,,,,,,,,
Stone Tide,1320,,3,1,,,0.3,,,,,1|8,,1|8,,,,,,,,,,,,,,,,,,,
Stone Tide,1600,,4,1,,,0.3,,,,,1|8,,1|8,,,,,,,,,,,,,,,,,,,
Stone Tide,1880,,5,1,,,0.3,,,,,1|8,,1|8,,,,,,,,,,,,,,,,,,,
Stone Tide,2160,,6,1,,,0.3,,,,,1|8,,1|8,,,,,,,,,,,,,,,,,,,
Stone Tide,2440,,7,1,,,0.3,,,,,1|8,,1|8,,,,,,,,,,,,,,,,,,,
Stone Tide,2720,,8,1,,,0.3,,,,,1|8,,1|8,,,,,,,,,,,,,,,,,,,
Earthen Synergy,440,,1,1,,,1.4,,,,,,,,,,,,,,,,,,,,,,,,,,
Earthen Synergy,720,,2,1,,1,1,,,,,,,,,,,,,,,,,,,,,,,,,,
Twin Strike,280,,1,1,,,1,,,,,,,,3,,,,,,,,,,,,,,,,,,
Twin Strike,560,,2,1,,,1.5,,,,1|8,,,,,,,,,,,,,,,,,,,,,,
Pyro Vortex,400,,1,1,,,1,,,,1|2,,,,,,,,,,,,,,,,,,,,,,
Pyro Vortex,760,,2,1,,,0.33,,,,1|2,,,,,,,,,,,,,,,,,,,,,,
Pyro Vortex,1120,,3,1,,,0.33,,,,1|2,,,,,,,,,,,,,,,,,,,,,,
Pyro Vortex,1480,,4,1,,,0.33,,,,1|2,,,,,,,,,,,,,,,,,,,,,,
Pyro Vortex,1840,,5,1,,,0.33,,,,1|2,,,,,,,,,,,,,,,,,,,,,,
Pyro Vortex,2200,,6,1,,,0.33,,,,1|2,,,,,,,,,,,,,,,,,,,,,,
Pyro Vortex,2560,,7,1,,,0.33,,,,1|2,,,,,,,,,,,,,,,,,,,,,,
Pyro Vortex,2920,,8,1,,,0.33,,,,1|2,,,,,,,,,,,,,,,,,,,,,,
Pyro Vortex,3280,,9,1,,,0.33,,,,1|2,,,,,,,,,,,,,,,,,,,,,,
Lava Skin,1240,1000,1,Duration,1,,0.33,5,1,,1|1,,,,,,,,,,1|5,,,,,,,,,,,,
Shearing Edge,480,,1,1,,,1.8,,,,,3|8,,,2.5,,,,,,,,,,,,,,,,,,
Natural Frenzy,400,,1,1,,,0.44,,,,,1|6,,,,,,,,1.5,,,,,,,,,,,,,
Natural Frenzy,400,,2,1,,,0.44,,,,,1|6,,,,,,,,1.5,,,,,,,,,,,,,
Natural Frenzy,640,,3,1,,,0.44,,,,,1|6,,,,,,,,1.5,,,,,,,,,,,,,
Natural Frenzy,680,,4,1,,,0.44,,,,,1|6,,,,,,,,1.5,,,,,,,,,,,,,
Natural Frenzy,880,,5,1,,,0.44,,,,,1|6,,,,,,,,1.5,,,,,,,,,,,,,
Natural Frenzy,880,,6,1,,,0.44,,,,,1|6,,,,,,,,1.5,,,,,,,,,,,,,
Natural Frenzy,1120,,7,1,,,0.44,,,,,1|6,,,,,,,,1.5,,,,,,,,,,,,,
Natural Frenzy,1160,,8,1,,,0.44,,,,,1|6,,,,,,,,1.5,,,,,,,,,,,,,
Gale Strike,520,,1,1,,1,0.275,,,,,1|5,,1|5,,,,,,,,,,,,,,,,,,,
Gale Strike,920,,2,1,,1,0.275,,,,,1|5,,1|5,,,,,,,,,,,,,,,,,,,
Gale Strike,1320,,3,1,,1,0.275,,,,,1|5,,1|5,,,,,,,,,,,,,,,,,,,
Gale Strike,1720,,4,1,,1,0.275,,,,,1|5,,1|5,,,,,,,,,,,,,,,,,,,
Gale Strike,2120,,5,1,,1,0.275,,,,,1|5,,1|5,,,,,,,,,,,,,,,,,,,
Pressure Blast,800,,1,1,,,1,,,,,,4,,,4,,,,,,,,,,,,,,,,,
Plasma Blast,320,,1,1,,,1.66,,,,,,,,,,,,,,,,,,,,,,,,,,
Pyroclastic Blast,720,,1,1,,,0.8,,,,1|3,,,,,,,,,,,,,,,,,,,,,,
Pyroclastic Blast,1720,1000,2,Duration,1,,0.4,4,1,,1|1,,,,,,,,,,,,,,,,,,,,,,
Monsoon,280,,1,1,,,0.25,,,,,,,,3,,,,,,,,,,,,,,,,,,
Monsoon,640,,2,1,,,0.25,,,,,,,,3,,,,,,,,,,,,,,,,,,
Monsoon,1000,,3,1,,,0.25,,,,,,,,3,,,,,,,,,,,,,,,,,,
Lahar,1280,1000,1,5,,,1.25,,,,,,,,,,,,,2,5,,,,,,,,,,,,
Pile Driver,1160,,1,1,,1,2.1,,,Projectile|1,,,,,,,,,,,,,,,,,,,,,,,
Primordial Stance (Fire),1000,1000,1,Duration,1,,0.33,5,1,,1|2,,,,,,,,,,,,,,,,,,,,,,
Primordial Stance (Water),1000,1000,1,Duration,1,,0.33,5,1,,,,,,1,,,,,,,,,,,,,,,,,,
Primordial Stance (Air),1000,1000,1,Duration,1,,0.33,5,1,,,,,8|3,,,,,,,,,,,,,,,,,,,
Primordial Stance (Earth),1000,1000,1,Duration,1,,0.33,5,1,,,2|6,,,,,,,,,,,,,,,,,,,,,
Deploy Jade Sphere (Fire),0,1000,1,Duration,1,,0.25,6,1,,,,,,,,,,,,,,,,,1|10,,,,,,,
Deploy Jade Sphere (Water),0,1000,1,Duration,1,,0.25,6,1,,,,,,,,,,,,,,,,,,,,,,,1,
Deploy Jade Sphere (Air),0,1000,1,Duration,1,,0.25,6,1,,,,,,,,,,,,,,,,1,,,,,,,,
Deploy Jade Sphere (Earth),0,1000,1,Duration,1,,0.25,6,1,,,,,,,,,,,,,,,,,,1,,,,,,
Shattering Ice,200,,1,1,,,0.6,5,1,,,,,,1,,,,,,,,,,,,,,,,,,
Ignite,880,,1,1,,,0.63,,,,1|2,,,,,,,,,,,,,,,,,,,,,,
Conflagration,1040,,1,1,,,1.56,,,,2|4.5,,,,,,,,,,,,,,,,,,,,,,
Splash,0,,1,,,,,,,,,,,,,4,,,,,,,,,,,,,,,,,
Buoyant Deluge,0,,1,,,1,,,,,,,,,,,,,,,,,,,,,,,,,,,
Zap,520,,1,1,,,0.6,,,,,,,,,,,,,,,,,,,,,,,,,,
Lightning Blitz,1120,240,1,5,,,0.28,,,,,,,,,,,,3,,,,,,,,,,,,,,
Calcify,200,,1,1,,1,0.65,,,,,,,,,,,,,,,,,,,,,,,,,,
Seismic Impact,2120,,1,1,,1,1.15,,,Blast,,,,,,,,,,,,,,,,,,,,,,,
Fox's Fury,560,,1,1,,,,,,,,,,,,,,,,,,,,,,,,,,,,,
Hare's Agility,0,,1,1,,,0.4,,,,,,,,,,10,,,,,,,,,,,,,,,,
Toad's Fortitude,640,,1,1,,,1.5,,,,,4|10,,,,,,,,,,,,,,,,,,,,,
Relentless Fire,200,,1,,,,,,,,,,,,,,,,,,,,,,,,,,,,,,
Rejuvenate,600,,1,,,,,,,,,,,,,,,,,,,,,,,,,,,,,,
Tailored Victory,0,,1,1,,1,0.75,,,,,,,,,,,,,,,,,,,,,,,,,,
Weave Self,800,,1,,,,,,,,,,,,,,,,,,,,,,,,,,,,,,
Flame Spear,520,,1,1,,,1.5,,,,,,,,,,,,,,,,,,,,,,,,,,
Blazing Barrage,440,,1,1,,,2.6,,,Blast,1|5,,,,,,,,,,,,,,,,,,,,,,
Seethe,0,,1,,,,,,,,,,,,,,,,,,,,,,4,5|10,,,,,,,
Meteor,560,,1,1,,,3.375,,,,,,,,,,,,,,,,,,,,,,,,,,
Etching: Volcano,240,,1,,,,,7,,,,,,,,,,,,,,,,,,1|8,,,,,,,
Lesser Volcano,1520,,1,1,,,0.63,,,,,,,,,,,,,,,,,,,,,,,,,,
Lesser Volcano,1800,,2,1,,,0.567,,,,,,,,,,,,,,,,,,,,,,,,,,
Lesser Volcano,2060,,3,1,,,0.504,,,,,,,,,,,,,,,,,,,,,,,,,,
Lesser Volcano,2360,,4,1,,,0.441,,,,,,,,,,,,,,,,,,,,,,,,,,
Lesser Volcano,2640,,5,1,,,0.378,,,,,,,,,,,,,,,,,,,,,,,,,,
Lesser Volcano,2920,,6,1,,,0.315,,,,,,,,,,,,,,,,,,,,,,,,,,
Volcano,1560,,1,1,,,1.1,,,,,,,,,,,,,,,,,,,,,,,,,,
Volcano,1800,,2,1,,,0.99,,,,,,,,,,,,,,,,,,,,,,,,,,
Volcano,2120,,3,1,,,0.88,,,,,,,,,,,,,,,,,,,,,,,,,,
Volcano,2400,,4,1,,,0.77,,,,,,,,,,,,,,,,,,,,,,,,,,
Volcano,2640,,5,1,,,0.66,,,,,,,,,,,,,,,,,,,,,,,,,,
Volcano,2920,,6,1,,,0.55,,,,,,,,,,,,,,,,,,,,,,,,,,
Volcano,3240,,7,1,,,0.44,,,,,,,,,,,,,,,,,,,,,,,,,,
Volcano,3480,,8,1,,,0.33,,,,,,,,,,,,,,,,,,,,,,,,,,
Volcano,3760,,9,1,,,0.22,,,,,,,,,,,,,,,,,,,,,,,,,,
Volcano,4040,,10,1,,,0.11,,,,,,,,,,,,,,,,,,,,,,,,,,
Volcano,4320,,11,1,,,0.05,,,,,,,,,,,,,,,,,,,,,,,,,,
Volcano,4640,,12,1,,,0.05,,,,,,,,,,,,,,,,,,,,,,,,,,
Restorative Spear,520,,1,1,,,1,,,,,,,,,,,,,,,,,,,,,,,,,,
Ice Beam,360,,1,1,,,0.7,,,,,,,,1,,,,,,,,,,,,,,,,,,
Ice Beam,520,,2,1,,,0.7,,,,,,,,1,,,,,,,,,,,,,,,,,,
Ice Beam,720,,3,1,,,0.7,,,,,,,,1,,,,,,,,,,,,,,,,,,
Ripple,0.8,,1,,,,,,,Leap,,,,,,,,,,,,,,,,,,,,,,,
Undertow,480,,1,1,,1,1.7,,,,,,,,,,,,,,,,,,,,,,,,,,3
Etching: Jökulhlaup,240,,1,,,,,7,,,,,,,,,,,,,,,,,,,,,,,,,
Lesser Jökulhlaup,560,,1,1,,,1.5,,,,,,,,,,,,,,,,,,,,,,,,,,
Jökulhlaup,560,,1,1,,,3,,,,,,,,,,,,,,,,,,,,,,,,,,
Lightning Javelin,520,,1,1,,,1.35,,,,,,,1|6,,,,,,,,,,,,,,,,,,,
Fulgor,480,,1,1,,,0.4,,,,,,,1|6,,,,,,,,,,,,,,,,,,,
Fulgor,1480,,2,1,,,0.4,,,,,,,1|6,,,,,,,,,,,,,,,,,,,
Fulgor,2480,,3,1,,,0.4,,,,,,,1|6,,,,,,,,,,,,,,,,,,,
Fulgor,3480,,4,1,,,0.4,,,,,,,1|6,,,,,,,,,,,,,,,,,,,
Fulgor,4480,,5,1,,,0.4,,,,,,,1|6,,,,,,,,,,,,,,,,,,,
Energize,0,,1,,,,,,,,,,,,,,,4,,,,,,,,,,,,,,,
Twister,520,,1,1,,1,1.84,,,Blast,,,,10|10,,,,,,,,,,,,,,,,,,,
Etching: Derecho,240,,1,,,,,,,,,,,,,,,,,,,,,,7,,,,,,,,
Lesser Derecho,560,,1,1,,1,2,,,,,,,,,,,,,,,,,,,,,,,,,,
Derecho,560,,1,1,,1,4,,,,,,,,,,,,,,,,,,,,,,,,,,
Stone Strike,520,,1,1,,,1.2,,,,,1|5,,,,,,,,,,,,,,,,,,,,,
Earthen Spear,600,,1,1,,,2.6,,,Projectile|1,,,,,,,,,,5,,,,,,,,,,,,,
Harden,0,,1,,,,,,,,,,,,,,,,,,,,,,,,,,,,,,
Fissure,560,,1,1,,,2.625,,,,,,,,,,,,4,4,,,,,,,,,,,,,
Etching: Haboob,240,,1,,,,,,,,,,,,,,,,,,7,,,,,,,,,,,,
Lesser Haboob,560,,1,1,,,1.75,,,,,,3,,,,,,,5,,,,,,,,,,,,,
Haboob,560,,1,1,,,4.25,,,,,,3,5|6,,,,,4,55,,,,,,,,,,,,,
Frostfire Ward,0,,1,,,,1,,,,,,,,,,,,,,,,,,,,,,,,,,
Galvanize,0,,1,,,,2,,,,,,,,,,,3,,,,,,,,3|6,,,,,,,
Fiery Impact,0,,1,,,,1.75,,,Blast,1|5,3|6,,,,,,,,,,,,,,,,,,,,,
Elutriate,0,,1,,,,1.25,,,,,,,5|8,4,,,,,,,,,,,,,,,,,,
Soothing Burst,0,,1,,,,1,,,Blast,,,,,,,,,,,,,,,,,,,,,,,
Shale Storm,0,,1,,,,1.55,,,,,,3,,,,,,,5,,,,,,,,,,,,,
Singeing Strike,360,,1,,,,0.69,,,,1|1.5,,,,,,,,,,,,,,,,,,,,,,
Surging Flames,600,,1,,,,2.07,,,,1|3,,,,,,,,,,,,,,,,,,,,,,
Flame Wheel,1000,1000,1,1,1,,0.001,15,1,,1|0.75,,,,,,,,,,,,,,,,,,,,,,
Triple Sear,520,,1,1,,,0.871,,,,1|4,,,,,,,,,,,,,,,,,,,,,,
Triple Sear,520,,1,1,,,0.871,,,,1|4,,,,,,,,,,,,,,,,,,,,,,
Triple Sear,520,,1,1,,,0.871,,,,1|4,,,,,,,,,,,,,,,,,,,,,,
Molten End,720,,1,1,,,2.3,,,Blast,,,,,,,,,,,,,,,10,6|10,,,,,,,
Stream Strike,360,,1,1,,,0.575,,,,,,,,,,,,,,,,,,,,,,,,,,
Water Rush,320,,1,1,,,0.575,,,,,,,,,,,,,,,,,,,,,,,,,,
Chilling Crack,320,,1,1,,,1.38,,,,,,,,1.5,,,,,,,,,,,,,,,,,,
Rain of Blows,320,,1,1,,,0.575,,,,,,,,,,,,,,,,,,,,,,,,,,
Rain of Blows,480,,2,1,,,0.575,,,,,,,,,,,,,,,,,,,,,,,,,,
Rain of Blows,720,,3,1,,,0.575,,,,,,,,,,,,,,,,,,,,,,,,,,
Rain of Blows,880,,4,1,,,0.575,,,,,,,,3,,,,,,,,,,,,,,,,,,
Icy Coil,1000,1000,1,1,1,,0.001,15,1,,,,,1|6,,,,,,,,,,,,,,,,,,,
Crashing Font,800,,1,1,,,1.438,,,Leap,,,,,,,,,,,,,,,,,,,,,,,
Cleansing Typhoon,400,,1,1,,,1.725,,,Whirl|1,,,,,,,,,,,,,,,,,,,,,,,
Wind Slam,560,,1,1,,,1.036,,,,,,,,,,,,,,,,,,,,,,,,,,
Hurricane of Pain,200,,1,1,,,0.55,,,,,,,1|10,,,,,,,,,,,,,,,,,,,
Hurricane of Pain,360,,2,1,,,0.55,,,,,,,1|10,,,,,,,,,,,,,,,,,,,
Hurricane of Pain,600,,3,1,,,0.55,,,,,,,1|10,,,,,,,,,,,,,,,,,,,
Hurricane of Pain,840,,4,1,,,0.55,,,,,,,1|10,,,,,,,,,,,,,,,,,,,
Hurricane of Pain,1080,,5,1,,,0.55,,,,,,,1|10,,,,,,,,,,,,,,,,,,,
Hurricane of Pain,1320,,6,1,,,0.55,,,,,,,1|10,,,,,,,,,,,,,,,,,,,
Hurricane of Pain,1560,,7,1,,,0.55,,,,,,,1|10,,,,,,,,,,,,,,,,,,,
Hurricane of Pain,1800,,8,1,,,0.55,,,,,,,1|10,,,,,,,,,,,,,,,,,,,
Hurricane of Pain,2040,,9,1,,,0.55,,,,,,,1|10,,,,,,,,,,,,,,,,,,,
Crescent Wind,1000,1000,1,1,1,,0.001,15,1,,,,,,,,,,1.5,,,,,,,,,,,,,,
Wind Storm,440,,1,1,,1,0.3,,,,,,,,,,,3,,,,,,,,,,,,,,,
Shock Blast,280,,1,1,,,0.575,,,,,,,,,,,,,,,,,,,,,,,,,,
Shock Blast,800,,2,1,,1,1.725,,,Blast,,,,,,,,,,,,,,,,,,,,,,,
Stonestrike,440,,1,1,,,1.035,,,,,,,,,,,,,,,,,,,,,,,,,,
Whirling Stones,520,,1,1,,,0.748,,,,,1|6,,,,,,,,,,,,,,,,,,,,,
Whirling Stones,760,,2,1,,,0.748,,,,,1|6,,,,,,,,,,,,,,,,,,,,,
Whirling Stones,960,,3,1,,,0.748,,,,,1|6,,,,,,,,,,,,,,,,,,,,,
Whirling Stones,1200,,4,1,,,0.748,,,,,1|6,,,,,,,,,,,,,,,,,,,,,
Whirling Stones,1400,,5,1,,,0.748,,,,,1|6,,,,,,,,,,,,,,,,,,,,,
Rocky Loop,1000,1000,1,1,1,,0.001,15,1,,,1|2.5,,,,,,,,,,,,,,,,,,,,,
Immutable Stone,,,1,,,,,,,,,,,,,,,,,,,,,,,,,,,,,,
Ground Pound,720,,1,1,,,2.3,,,Blast,,5|6,,,,,,,,,,3,,,,,,,,,,,
Grand Finale,680,,1,1,,,1.15,,,Projectile|1,,,,,,,,,,,,,,,,,,,,,,,
Dual Orbits: Fire and Water,1000,1000,1,1,1,,0.001,15,1,,1|0.75,,,1|6,,,,,,,,,,,,,,,,,,,
Dual Orbits: Fire and Air,1000,1000,1,1,1,,0.001,15,1,,1|0.75,,,,,,,,1.5,,,,,,,,,,,,,,
Dual Orbits: Fire and Earth,1000,1000,1,1,1,,0.001,15,1,,1|0.75,1|2.5,,,,,,,,,,,,,,,,,,,,,
Dual Orbits: Water and Air,1000,1000,1,1,1,,0.001,15,1,,,,,1|6,,,,,1.5,,,,,,,,,,,,,,
Dual Orbits: Water and Earth,1000,1000,1,1,1,,0.001,15,1,,,1|2.5,,1|6,,,,,,,,,,,,,,,,,,,
Dual Orbits: Air and Earth,1000,1000,1,1,1,,0.001,15,1,,,1|2.5,,,,,,,1.5,,,,,,,,,,,,,,
Scorching Shot,360,,1,1,,,0.3,,,,1|1.5,,,,,,,,,,,,,,,,,,,,,,
Raging Ricochet,360,,1,1,,,0.8,,,,1|8,,,,,,,,,,,,,,,1|6,,,,,,,
Searing Salvo,440,,1,1,,,1,,,Blast,1|7,,,,,,,,,,,,,,,,,,,,,,
Searing Salvo,1440,,2,1,,,0.25,,,,1|2,,,,,,,,,,,,,,,,,,,,,,
Searing Salvo,1440,,3,1,,,0.25,,,,1|2,,,,,,,,,,,,,,,,,,,,,,
Searing Salvo,1440,,4,1,,,0.25,,,,1|2,,,,,,,,,,,,,,,,,,,,,,
Searing Salvo,1440,,5,1,,,0.25,,,,1|2,,,,,,,,,,,,,,,,,,,,,,
Soothing Splash,360,,1,1,,,0.4,,,,,,,,,,,,,,,,,,,,,,,,,,
Frigid Flurry,280,,1,1,,,0.2,,,,,1|7,,,,,,,,,,,,,,,,,,,,,
Frigid Flurry,440,,2,1,,,0.2,,,,,1|7,,,,,,,,,,,,,,,,,,,,,
Frigid Flurry,640,,3,1,,,0.2,,,,,1|7,,,,,,,,,,,,,,,,,,,,,
Frigid Flurry,800,,4,1,,,0.2,,,,,1|7,,,,,,,,,,,,,,,,,,,,,
Frigid Flurry,960,,5,1,,,0.2,,,,,1|7,,,,,,,,,,,,,,,,,,,,,
Frozen Fusillade,360,,1,1,,,0.75,,,,,,,,1.5,,,,,,,,,,,,,,,,,,
Electric Exposure,360,,1,1,,,0.33,,,,,,,1|6,,,,,,,,,,,,,,,,,,,
Dazing Discharge,280,,1,1,,1,0.75,,,,,,,8|10,,,,,,,,,,,,,,,,,,,
Aerial Agility,360,,1,,,,,,,Leap,,,,,,,,,,,,,,,,,,,,,,,
Aerial Agility (chain),360,,1,1,,,0.8,,,,,,,,,,,,3,,,,,,,,,,,,,,
Aerial Agility (dash),360,,1,,,,,,,Leap,,,,,,,,,,,,,,,,,,,,,3,,
Piercing Pebble,360,,1,1,,,0.35,,,,,1|5,,,,,,,,,,,,,,,,,,,,,
Shattering Stone,360,,1,1,,,0.8,,,,,3|10,,,,,,,,,,,,,,,,,,,,,
Boulder Blast,400,,1,1,,,0.44,,,Projectile|1,,5|8,,,,,,,,,,1.5,,,,,,,,,,,
Elemental Explosion,520,,1,1,,,0.2,,,,2|6,,,,,,,,,,,,,,,,,,,,,,
Elemental Explosion,600,,2,1,,,0.2,,,,,4|6,,,,,,,,,,,,,,,,,,,,,
Elemental Explosion,680,,3,1,,,0.2,,,,,,,4|10,,,,,,,,,,,,,,,,,,,
Elemental Explosion,760,,4,1,,,0.2,,,,,,,,,,,,,4,,,,,,,,,,,,,
Frostfire Flurry,280,,1,1,,,0.3,,,,,,,,2.5,,,,,,,,,,,,,,,,,,
Frostfire Flurry,440,,2,1,,,0.3,,,,1|5,,,,,,,,,,,,,,,,,,,,,,
Frostfire Flurry,640,,3,1,,,0.3,,,,1|5,,,,,,,,,,,,,,,,,,,,,,
Purblinding Plasma,480,,1,1,,,0.8,,,Projectile|1,,,2,5|5,,,,,,,,,,,,,,,,,,,
Molten Meteor,480,,1,1,,,0.5,,,,1|8,2|8,,,,,,,,,,,,,,,,,,,,,
Flowing Finesse,0,,1,,,,,,,,,,,,,5,,,,,,,,,,,,,,1|5,,,
Echoing Erosion,280,,1,1,,,0.3,,,,,2|8,,,,,,,,,,,,,,,,,,,,,
Echoing Erosion,480,,2,1,,,0.3,,,,,2|8,,,,,,,,,,,,,,,,,,,,,
Enervating Earth,520,,1,1,,,0.7,,,Projectile|1,,,,,,,,,3,4,,,,,,,,,,,,,
Glyph of Elementals,1360,,1,1,,,,,,,3|3,,,,,,,,,,,,,,,,,,,,,,
Glyph of Elementals,13840,,2,1,,,,,,,3|3,,,,,,,,,,,,,,,,,,,,,,
Glyph of Elementals,26320,,3,1,,,,,,,3|3,,,,,,,,,,,,,,,,,,,,,,
Glyph of Elementals,38800,,4,1,,,,,,,3|3,,,,,,,,,,,,,,,,,,,,,,
Glyph of Elementals,51280,,5,1,,,,,,,3|3,,,,,,,,,,,,,,,,,,,,,,
Glyph of Elementals,63760,,6,1,,,,,,,3|3,,,,,,,,,,,,,,,,,,,,,,
Glyph of Elementals,76240,,7,1,,,,,,,3|3,,,,,,,,,,,,,,,,,,,,,,
Glyph of Elementals,88720,,8,1,,,,,,,3|3,,,,,,,,,,,,,,,,,,,,,,
Glyph of Elementals,101200,,9,1,,,,,,,3|3,,,,,,,,,,,,,,,,,,,,,,
Glyph of Elementals,113680,,10,1,,,,,,,3|3,,,,,,,,,,,,,,,,,,,,,,
Glyph of Elementals,9000,,1,1,,,,,,,1|3,,,,,,,,,,,,,,,3|10,,,,,,,
Glyph of Elementals,29000,,2,1,,,,,,,1|3,,,,,,,,,,,,,,,3|10,,,,,,,
Glyph of Elementals,49000,,3,1,,,,,,,1|3,,,,,,,,,,,,,,,3|10,,,,,,,
Glyph of Elementals,69000,,4,1,,,,,,,1|3,,,,,,,,,,,,,,,3|10,,,,,,,
Glyph of Elementals,89000,,5,1,,,,,,,1|3,,,,,,,,,,,,,,,3|10,,,,,,,
Glyph of Elementals,109000,,6,1,,,,,,,1|3,,,,,,,,,,,,,,,3|10,,,,,,,
Flame Burst (trait),0,,1,1,,,1,,,,3|6,,,,,,,,,,,,,,,,,,,,,,
Cleansing Wave (trait),0,,1,,,,,,,,,,,,,,,,,,,,,,,,,,,,,,
Blinding Flash (trait),0,,1,,,,,,,,,,5,,,,,,,,,,,,,,,,,,,,
Shock Wave (trait),0,,1,1,,,0.5,,,Blast,,1|20,,,,,,,,2,,,,,,,,,,,,,
Unravel,0,,1,,,,,,,,,,,,,,,,,,,,,,,,,,,,,,
